[
{
    "pk": 1, 
    "model": "contenttypes.contenttype", 
    "fields": {
        "model": "logentry", 
        "name": "log entry", 
        "app_label": "admin"
    }
},
{
    "pk": 2, 
    "model": "contenttypes.contenttype", 
    "fields": {
        "model": "permission", 
        "name": "permission", 
        "app_label": "auth"
    }
},
{
    "pk": 3, 
    "model": "contenttypes.contenttype", 
    "fields": {
        "model": "group", 
        "name": "group", 
        "app_label": "auth"
    }
},
{
    "pk": 4, 
    "model": "contenttypes.contenttype", 
    "fields": {
        "model": "user", 
        "name": "user", 
        "app_label": "auth"
    }
},
{
    "pk": 5, 
    "model": "contenttypes.contenttype", 
    "fields": {
        "model": "contenttype", 
        "name": "content type", 
        "app_label": "contenttypes"
    }
},
{
    "pk": 6, 
    "model": "contenttypes.contenttype", 
    "fields": {
        "model": "session", 
        "name": "session", 
        "app_label": "sessions"
    }
},
{
    "pk": 7, 
    "model": "contenttypes.contenttype", 
    "fields": {
        "model": "category", 
        "name": "category", 
        "app_label": "magazin"
    }
},
{
    "pk": 8, 
    "model": "contenttypes.contenttype", 
    "fields": {
        "model": "schema", 
        "name": "schema", 
        "app_label": "magazin"
    }
},
{
    "pk": 9, 
    "model": "contenttypes.contenttype", 
    "fields": {
        "model": "choice", 
        "name": "choice", 
        "app_label": "magazin"
    }
},
{
    "pk": 10, 
    "model": "contenttypes.contenttype", 
    "fields": {
        "model": "attribute", 
        "name": "attribute", 
        "app_label": "magazin"
    }
},
{
    "pk": 11, 
    "model": "contenttypes.contenttype", 
    "fields": {
        "model": "goods", 
        "name": "goods", 
        "app_label": "magazin"
    }
},
{
    "pk": 1, 
    "model": "magazin.category", 
    "fields": {
        "rght": 14, 
        "name": "Consumer Electronics", 
        "parent": null, 
        "level": 0, 
        "lft": 1, 
        "tree_id": 1
    }
},
{
    "pk": 2, 
    "model": "magazin.category", 
    "fields": {
        "rght": 9, 
        "name": "Portable Electronics", 
        "parent": 1, 
        "level": 1, 
        "lft": 4, 
        "tree_id": 1
    }
},
{
    "pk": 3, 
    "model": "magazin.category", 
    "fields": {
        "rght": 13, 
        "name": "TV-sets", 
        "parent": 1, 
        "level": 1, 
        "lft": 10, 
        "tree_id": 1
    }
},
{
    "pk": 4, 
    "model": "magazin.category", 
    "fields": {
        "rght": 12, 
        "name": "Sony", 
        "parent": 3, 
        "level": 2, 
        "lft": 11, 
        "tree_id": 1
    }
},
{
    "pk": 5, 
    "model": "magazin.category", 
    "fields": {
        "rght": 8, 
        "name": "MP3 players", 
        "parent": 2, 
        "level": 2, 
        "lft": 7, 
        "tree_id": 1
    }
},
{
    "pk": 6, 
    "model": "magazin.category", 
    "fields": {
        "rght": 6, 
        "name": "GPS navigators", 
        "parent": 2, 
        "level": 2, 
        "lft": 5, 
        "tree_id": 1
    }
},
{
    "pk": 7, 
    "model": "magazin.category", 
    "fields": {
        "rght": 3, 
        "name": "Computers", 
        "parent": 1, 
        "level": 1, 
        "lft": 2, 
        "tree_id": 1
    }
},
{
    "pk": 1, 
    "model": "magazin.schema", 
    "fields": {
        "category": [
            1, 
            7, 
            2, 
            6, 
            5, 
            3, 
            4
        ], 
        "sortable": false, 
        "name": "color", 
        "title": "Color", 
        "datatype": "text", 
        "required": false, 
        "searched": false, 
        "help_text": "Color of goods", 
        "filtered": false
    }
},
{
    "pk": 2, 
    "model": "magazin.schema", 
    "fields": {
        "category": [
            1, 
            7, 
            2, 
            6, 
            5, 
            3, 
            4
        ], 
        "sortable": false, 
        "name": "weight", 
        "title": "Weight", 
        "datatype": "float", 
        "required": false, 
        "searched": false, 
        "help_text": "Weight of goods", 
        "filtered": false
    }
},
{
    "pk": 3, 
    "model": "magazin.schema", 
    "fields": {
        "category": [
            6, 
            3, 
            4
        ], 
        "sortable": false, 
        "name": "diagonal", 
        "title": "Diagonal", 
        "datatype": "float", 
        "required": false, 
        "searched": false, 
        "help_text": "", 
        "filtered": false
    }
},
{
    "pk": 4, 
    "model": "magazin.schema", 
    "fields": {
        "category": [
            7
        ], 
        "sortable": false, 
        "name": "processor", 
        "title": "Processor", 
        "datatype": "text", 
        "required": false, 
        "searched": false, 
        "help_text": "", 
        "filtered": false
    }
},
{
    "pk": 5, 
    "model": "magazin.schema", 
    "fields": {
        "category": [
            1, 
            7, 
            2, 
            6, 
            5, 
            3, 
            4
        ], 
        "sortable": false, 
        "name": "region", 
        "title": "Region", 
        "datatype": "text", 
        "required": false, 
        "searched": false, 
        "help_text": "Country of prod\u0433\u0441\u0435\u0448\u0449\u0442", 
        "filtered": false
    }
},
{
    "pk": 6, 
    "model": "magazin.schema", 
    "fields": {
        "category": [
            1, 
            7, 
            2, 
            6, 
            5, 
            3, 
            4
        ], 
        "sortable": false, 
        "name": "price", 
        "title": "Price", 
        "datatype": "float", 
        "required": true, 
        "searched": false, 
        "help_text": "Price", 
        "filtered": false
    }
},
{
    "pk": 1, 
    "model": "magazin.attribute", 
    "fields": {
        "value_date": null, 
        "value_text": "Yellow", 
        "entity_id": 8, 
        "value_float": null, 
        "entity_type": 11, 
        "value_bool": null, 
        "value_range_max": null, 
        "choice": null, 
        "value_range_min": null, 
        "schema": 1
    }
},
{
    "pk": 2, 
    "model": "magazin.attribute", 
    "fields": {
        "value_date": null, 
        "value_text": null, 
        "entity_id": 8, 
        "value_float": 6.0, 
        "entity_type": 11, 
        "value_bool": null, 
        "value_range_max": null, 
        "choice": null, 
        "value_range_min": null, 
        "schema": 3
    }
},
{
    "pk": 3, 
    "model": "magazin.attribute", 
    "fields": {
        "value_date": null, 
        "value_text": null, 
        "entity_id": 8, 
        "value_float": 200.0, 
        "entity_type": 11, 
        "value_bool": null, 
        "value_range_max": null, 
        "choice": null, 
        "value_range_min": null, 
        "schema": 6
    }
},
{
    "pk": 4, 
    "model": "magazin.attribute", 
    "fields": {
        "value_date": null, 
        "value_text": "China", 
        "entity_id": 8, 
        "value_float": null, 
        "entity_type": 11, 
        "value_bool": null, 
        "value_range_max": null, 
        "choice": null, 
        "value_range_min": null, 
        "schema": 5
    }
},
{
    "pk": 5, 
    "model": "magazin.attribute", 
    "fields": {
        "value_date": null, 
        "value_text": null, 
        "entity_id": 8, 
        "value_float": 300.0, 
        "entity_type": 11, 
        "value_bool": null, 
        "value_range_max": null, 
        "choice": null, 
        "value_range_min": null, 
        "schema": 2
    }
},
{
    "pk": 6, 
    "model": "magazin.attribute", 
    "fields": {
        "value_date": null, 
        "value_text": "Green", 
        "entity_id": 7, 
        "value_float": null, 
        "entity_type": 11, 
        "value_bool": null, 
        "value_range_max": null, 
        "choice": null, 
        "value_range_min": null, 
        "schema": 1
    }
},
{
    "pk": 7, 
    "model": "magazin.attribute", 
    "fields": {
        "value_date": null, 
        "value_text": null, 
        "entity_id": 7, 
        "value_float": 6.0, 
        "entity_type": 11, 
        "value_bool": null, 
        "value_range_max": null, 
        "choice": null, 
        "value_range_min": null, 
        "schema": 3
    }
},
{
    "pk": 8, 
    "model": "magazin.attribute", 
    "fields": {
        "value_date": null, 
        "value_text": null, 
        "entity_id": 7, 
        "value_float": 450.0, 
        "entity_type": 11, 
        "value_bool": null, 
        "value_range_max": null, 
        "choice": null, 
        "value_range_min": null, 
        "schema": 6
    }
},
{
    "pk": 9, 
    "model": "magazin.attribute", 
    "fields": {
        "value_date": null, 
        "value_text": "Taiwan", 
        "entity_id": 7, 
        "value_float": null, 
        "entity_type": 11, 
        "value_bool": null, 
        "value_range_max": null, 
        "choice": null, 
        "value_range_min": null, 
        "schema": 5
    }
},
{
    "pk": 10, 
    "model": "magazin.attribute", 
    "fields": {
        "value_date": null, 
        "value_text": null, 
        "entity_id": 7, 
        "value_float": 350.0, 
        "entity_type": 11, 
        "value_bool": null, 
        "value_range_max": null, 
        "choice": null, 
        "value_range_min": null, 
        "schema": 2
    }
},
{
    "pk": 11, 
    "model": "magazin.attribute", 
    "fields": {
        "value_date": null, 
        "value_text": "Silver", 
        "entity_id": 6, 
        "value_float": null, 
        "entity_type": 11, 
        "value_bool": null, 
        "value_range_max": null, 
        "choice": null, 
        "value_range_min": null, 
        "schema": 1
    }
},
{
    "pk": 12, 
    "model": "magazin.attribute", 
    "fields": {
        "value_date": null, 
        "value_text": null, 
        "entity_id": 6, 
        "value_float": 450.0, 
        "entity_type": 11, 
        "value_bool": null, 
        "value_range_max": null, 
        "choice": null, 
        "value_range_min": null, 
        "schema": 6
    }
},
{
    "pk": 13, 
    "model": "magazin.attribute", 
    "fields": {
        "value_date": null, 
        "value_text": "China", 
        "entity_id": 6, 
        "value_float": null, 
        "entity_type": 11, 
        "value_bool": null, 
        "value_range_max": null, 
        "choice": null, 
        "value_range_min": null, 
        "schema": 5
    }
},
{
    "pk": 14, 
    "model": "magazin.attribute", 
    "fields": {
        "value_date": null, 
        "value_text": null, 
        "entity_id": 6, 
        "value_float": 150.0, 
        "entity_type": 11, 
        "value_bool": null, 
        "value_range_max": null, 
        "choice": null, 
        "value_range_min": null, 
        "schema": 2
    }
},
{
    "pk": 15, 
    "model": "magazin.attribute", 
    "fields": {
        "value_date": null, 
        "value_text": "Black", 
        "entity_id": 4, 
        "value_float": null, 
        "entity_type": 11, 
        "value_bool": null, 
        "value_range_max": null, 
        "choice": null, 
        "value_range_min": null, 
        "schema": 1
    }
},
{
    "pk": 16, 
    "model": "magazin.attribute", 
    "fields": {
        "value_date": null, 
        "value_text": null, 
        "entity_id": 4, 
        "value_float": 50.0, 
        "entity_type": 11, 
        "value_bool": null, 
        "value_range_max": null, 
        "choice": null, 
        "value_range_min": null, 
        "schema": 3
    }
},
{
    "pk": 17, 
    "model": "magazin.attribute", 
    "fields": {
        "value_date": null, 
        "value_text": null, 
        "entity_id": 4, 
        "value_float": 1200.0, 
        "entity_type": 11, 
        "value_bool": null, 
        "value_range_max": null, 
        "choice": null, 
        "value_range_min": null, 
        "schema": 6
    }
},
{
    "pk": 18, 
    "model": "magazin.attribute", 
    "fields": {
        "value_date": null, 
        "value_text": "Japan", 
        "entity_id": 4, 
        "value_float": null, 
        "entity_type": 11, 
        "value_bool": null, 
        "value_range_max": null, 
        "choice": null, 
        "value_range_min": null, 
        "schema": 5
    }
},
{
    "pk": 19, 
    "model": "magazin.attribute", 
    "fields": {
        "value_date": null, 
        "value_text": null, 
        "entity_id": 4, 
        "value_float": 10000.0, 
        "entity_type": 11, 
        "value_bool": null, 
        "value_range_max": null, 
        "choice": null, 
        "value_range_min": null, 
        "schema": 2
    }
},
{
    "pk": 20, 
    "model": "magazin.attribute", 
    "fields": {
        "value_date": null, 
        "value_text": "Black", 
        "entity_id": 3, 
        "value_float": null, 
        "entity_type": 11, 
        "value_bool": null, 
        "value_range_max": null, 
        "choice": null, 
        "value_range_min": null, 
        "schema": 1
    }
},
{
    "pk": 21, 
    "model": "magazin.attribute", 
    "fields": {
        "value_date": null, 
        "value_text": null, 
        "entity_id": 3, 
        "value_float": 50.0, 
        "entity_type": 11, 
        "value_bool": null, 
        "value_range_max": null, 
        "choice": null, 
        "value_range_min": null, 
        "schema": 3
    }
},
{
    "pk": 22, 
    "model": "magazin.attribute", 
    "fields": {
        "value_date": null, 
        "value_text": null, 
        "entity_id": 3, 
        "value_float": 1300.0, 
        "entity_type": 11, 
        "value_bool": null, 
        "value_range_max": null, 
        "choice": null, 
        "value_range_min": null, 
        "schema": 6
    }
},
{
    "pk": 23, 
    "model": "magazin.attribute", 
    "fields": {
        "value_date": null, 
        "value_text": "Japan", 
        "entity_id": 3, 
        "value_float": null, 
        "entity_type": 11, 
        "value_bool": null, 
        "value_range_max": null, 
        "choice": null, 
        "value_range_min": null, 
        "schema": 5
    }
},
{
    "pk": 24, 
    "model": "magazin.attribute", 
    "fields": {
        "value_date": null, 
        "value_text": null, 
        "entity_id": 3, 
        "value_float": 11000.0, 
        "entity_type": 11, 
        "value_bool": null, 
        "value_range_max": null, 
        "choice": null, 
        "value_range_min": null, 
        "schema": 2
    }
},
{
    "pk": 25, 
    "model": "magazin.attribute", 
    "fields": {
        "value_date": null, 
        "value_text": "Black/Silver", 
        "entity_id": 2, 
        "value_float": null, 
        "entity_type": 11, 
        "value_bool": null, 
        "value_range_max": null, 
        "choice": null, 
        "value_range_min": null, 
        "schema": 1
    }
},
{
    "pk": 26, 
    "model": "magazin.attribute", 
    "fields": {
        "value_date": null, 
        "value_text": null, 
        "entity_id": 2, 
        "value_float": 700.0, 
        "entity_type": 11, 
        "value_bool": null, 
        "value_range_max": null, 
        "choice": null, 
        "value_range_min": null, 
        "schema": 6
    }
},
{
    "pk": 27, 
    "model": "magazin.attribute", 
    "fields": {
        "value_date": null, 
        "value_text": "Core i3", 
        "entity_id": 2, 
        "value_float": null, 
        "entity_type": 11, 
        "value_bool": null, 
        "value_range_max": null, 
        "choice": null, 
        "value_range_min": null, 
        "schema": 4
    }
},
{
    "pk": 28, 
    "model": "magazin.attribute", 
    "fields": {
        "value_date": null, 
        "value_text": "China", 
        "entity_id": 2, 
        "value_float": null, 
        "entity_type": 11, 
        "value_bool": null, 
        "value_range_max": null, 
        "choice": null, 
        "value_range_min": null, 
        "schema": 5
    }
},
{
    "pk": 29, 
    "model": "magazin.attribute", 
    "fields": {
        "value_date": null, 
        "value_text": null, 
        "entity_id": 2, 
        "value_float": 5000.0, 
        "entity_type": 11, 
        "value_bool": null, 
        "value_range_max": null, 
        "choice": null, 
        "value_range_min": null, 
        "schema": 2
    }
},
{
    "pk": 30, 
    "model": "magazin.attribute", 
    "fields": {
        "value_date": null, 
        "value_text": "China", 
        "entity_id": 1, 
        "value_float": null, 
        "entity_type": 11, 
        "value_bool": null, 
        "value_range_max": null, 
        "choice": null, 
        "value_range_min": null, 
        "schema": 1
    }
},
{
    "pk": 31, 
    "model": "magazin.attribute", 
    "fields": {
        "value_date": null, 
        "value_text": null, 
        "entity_id": 1, 
        "value_float": 500.0, 
        "entity_type": 11, 
        "value_bool": null, 
        "value_range_max": null, 
        "choice": null, 
        "value_range_min": null, 
        "schema": 6
    }
},
{
    "pk": 32, 
    "model": "magazin.attribute", 
    "fields": {
        "value_date": null, 
        "value_text": "Core i5", 
        "entity_id": 1, 
        "value_float": null, 
        "entity_type": 11, 
        "value_bool": null, 
        "value_range_max": null, 
        "choice": null, 
        "value_range_min": null, 
        "schema": 4
    }
},
{
    "pk": 33, 
    "model": "magazin.attribute", 
    "fields": {
        "value_date": null, 
        "value_text": "China", 
        "entity_id": 1, 
        "value_float": null, 
        "entity_type": 11, 
        "value_bool": null, 
        "value_range_max": null, 
        "choice": null, 
        "value_range_min": null, 
        "schema": 5
    }
},
{
    "pk": 34, 
    "model": "magazin.attribute", 
    "fields": {
        "value_date": null, 
        "value_text": null, 
        "entity_id": 1, 
        "value_float": 1500.0, 
        "entity_type": 11, 
        "value_bool": null, 
        "value_range_max": null, 
        "choice": null, 
        "value_range_min": null, 
        "schema": 2
    }
},
{
    "pk": 1, 
    "model": "magazin.goods", 
    "fields": {
        "category": 7, 
        "receipt_date": "2014-05-10T09:15:59Z", 
        "name": "Lenovo IdeaCentre Q190"
    }
},
{
    "pk": 2, 
    "model": "magazin.goods", 
    "fields": {
        "category": 7, 
        "receipt_date": "2014-05-10T09:17:30Z", 
        "name": "Lenovo IdeaCentre Horizon"
    }
},
{
    "pk": 3, 
    "model": "magazin.goods", 
    "fields": {
        "category": 4, 
        "receipt_date": "2014-05-10T09:18:27Z", 
        "name": "Bravia W600B"
    }
},
{
    "pk": 4, 
    "model": "magazin.goods", 
    "fields": {
        "category": 4, 
        "receipt_date": "2014-05-10T09:18:43Z", 
        "name": "Bravia X9"
    }
},
{
    "pk": 5, 
    "model": "magazin.goods", 
    "fields": {
        "category": 5, 
        "receipt_date": "2014-05-10T20:28:00Z", 
        "name": "Sony Walkman"
    }
},
{
    "pk": 6, 
    "model": "magazin.goods", 
    "fields": {
        "category": 5, 
        "receipt_date": "2014-05-10T20:28:18Z", 
        "name": "Apple iPod"
    }
},
{
    "pk": 7, 
    "model": "magazin.goods", 
    "fields": {
        "category": 6, 
        "receipt_date": "2014-05-10T20:28:34Z", 
        "name": "Garmin Nafigator"
    }
},
{
    "pk": 8, 
    "model": "magazin.goods", 
    "fields": {
        "category": 6, 
        "receipt_date": "2014-05-10T20:28:56Z", 
        "name": "TomTom navigator"
    }
},
{
    "pk": 1, 
    "model": "auth.permission", 
    "fields": {
        "codename": "add_logentry", 
        "name": "Can add log entry", 
        "content_type": 1
    }
},
{
    "pk": 2, 
    "model": "auth.permission", 
    "fields": {
        "codename": "change_logentry", 
        "name": "Can change log entry", 
        "content_type": 1
    }
},
{
    "pk": 3, 
    "model": "auth.permission", 
    "fields": {
        "codename": "delete_logentry", 
        "name": "Can delete log entry", 
        "content_type": 1
    }
},
{
    "pk": 4, 
    "model": "auth.permission", 
    "fields": {
        "codename": "add_permission", 
        "name": "Can add permission", 
        "content_type": 2
    }
},
{
    "pk": 5, 
    "model": "auth.permission", 
    "fields": {
        "codename": "change_permission", 
        "name": "Can change permission", 
        "content_type": 2
    }
},
{
    "pk": 6, 
    "model": "auth.permission", 
    "fields": {
        "codename": "delete_permission", 
        "name": "Can delete permission", 
        "content_type": 2
    }
},
{
    "pk": 7, 
    "model": "auth.permission", 
    "fields": {
        "codename": "add_group", 
        "name": "Can add group", 
        "content_type": 3
    }
},
{
    "pk": 8, 
    "model": "auth.permission", 
    "fields": {
        "codename": "change_group", 
        "name": "Can change group", 
        "content_type": 3
    }
},
{
    "pk": 9, 
    "model": "auth.permission", 
    "fields": {
        "codename": "delete_group", 
        "name": "Can delete group", 
        "content_type": 3
    }
},
{
    "pk": 10, 
    "model": "auth.permission", 
    "fields": {
        "codename": "add_user", 
        "name": "Can add user", 
        "content_type": 4
    }
},
{
    "pk": 11, 
    "model": "auth.permission", 
    "fields": {
        "codename": "change_user", 
        "name": "Can change user", 
        "content_type": 4
    }
},
{
    "pk": 12, 
    "model": "auth.permission", 
    "fields": {
        "codename": "delete_user", 
        "name": "Can delete user", 
        "content_type": 4
    }
},
{
    "pk": 13, 
    "model": "auth.permission", 
    "fields": {
        "codename": "add_contenttype", 
        "name": "Can add content type", 
        "content_type": 5
    }
},
{
    "pk": 14, 
    "model": "auth.permission", 
    "fields": {
        "codename": "change_contenttype", 
        "name": "Can change content type", 
        "content_type": 5
    }
},
{
    "pk": 15, 
    "model": "auth.permission", 
    "fields": {
        "codename": "delete_contenttype", 
        "name": "Can delete content type", 
        "content_type": 5
    }
},
{
    "pk": 16, 
    "model": "auth.permission", 
    "fields": {
        "codename": "add_session", 
        "name": "Can add session", 
        "content_type": 6
    }
},
{
    "pk": 17, 
    "model": "auth.permission", 
    "fields": {
        "codename": "change_session", 
        "name": "Can change session", 
        "content_type": 6
    }
},
{
    "pk": 18, 
    "model": "auth.permission", 
    "fields": {
        "codename": "delete_session", 
        "name": "Can delete session", 
        "content_type": 6
    }
},
{
    "pk": 19, 
    "model": "auth.permission", 
    "fields": {
        "codename": "add_category", 
        "name": "Can add category", 
        "content_type": 7
    }
},
{
    "pk": 20, 
    "model": "auth.permission", 
    "fields": {
        "codename": "change_category", 
        "name": "Can change category", 
        "content_type": 7
    }
},
{
    "pk": 21, 
    "model": "auth.permission", 
    "fields": {
        "codename": "delete_category", 
        "name": "Can delete category", 
        "content_type": 7
    }
},
{
    "pk": 22, 
    "model": "auth.permission", 
    "fields": {
        "codename": "add_schema", 
        "name": "Can add schema", 
        "content_type": 8
    }
},
{
    "pk": 23, 
    "model": "auth.permission", 
    "fields": {
        "codename": "change_schema", 
        "name": "Can change schema", 
        "content_type": 8
    }
},
{
    "pk": 24, 
    "model": "auth.permission", 
    "fields": {
        "codename": "delete_schema", 
        "name": "Can delete schema", 
        "content_type": 8
    }
},
{
    "pk": 25, 
    "model": "auth.permission", 
    "fields": {
        "codename": "add_choice", 
        "name": "Can add choice", 
        "content_type": 9
    }
},
{
    "pk": 26, 
    "model": "auth.permission", 
    "fields": {
        "codename": "change_choice", 
        "name": "Can change choice", 
        "content_type": 9
    }
},
{
    "pk": 27, 
    "model": "auth.permission", 
    "fields": {
        "codename": "delete_choice", 
        "name": "Can delete choice", 
        "content_type": 9
    }
},
{
    "pk": 28, 
    "model": "auth.permission", 
    "fields": {
        "codename": "add_attribute", 
        "name": "Can add attribute", 
        "content_type": 10
    }
},
{
    "pk": 29, 
    "model": "auth.permission", 
    "fields": {
        "codename": "change_attribute", 
        "name": "Can change attribute", 
        "content_type": 10
    }
},
{
    "pk": 30, 
    "model": "auth.permission", 
    "fields": {
        "codename": "delete_attribute", 
        "name": "Can delete attribute", 
        "content_type": 10
    }
},
{
    "pk": 31, 
    "model": "auth.permission", 
    "fields": {
        "codename": "add_goods", 
        "name": "Can add goods", 
        "content_type": 11
    }
},
{
    "pk": 32, 
    "model": "auth.permission", 
    "fields": {
        "codename": "change_goods", 
        "name": "Can change goods", 
        "content_type": 11
    }
},
{
    "pk": 33, 
    "model": "auth.permission", 
    "fields": {
        "codename": "delete_goods", 
        "name": "Can delete goods", 
        "content_type": 11
    }
},
{
    "pk": 1, 
    "model": "auth.user", 
    "fields": {
        "username": "admin", 
        "first_name": "", 
        "last_name": "", 
        "is_active": true, 
        "is_superuser": true, 
        "is_staff": true, 
        "last_login": "2014-05-10T16:27:41.073Z", 
        "groups": [], 
        "user_permissions": [], 
        "password": "pbkdf2_sha256$12000$Ha2oYNSbDrtV$4JDzG4vQZU5ecHk63y0udha0xcTI2CRq4oU2qq7X2D0=", 
        "email": "admin@localhost", 
        "date_joined": "2014-05-10T05:12:44.362Z"
    }
},
{
    "pk": 2, 
    "model": "auth.user", 
    "fields": {
        "username": "tester", 
        "first_name": "", 
        "last_name": "", 
        "is_active": true, 
        "is_superuser": false, 
        "is_staff": false, 
        "last_login": "2014-05-10T06:59:33.061Z", 
        "groups": [], 
        "user_permissions": [], 
        "password": "pbkdf2_sha256$12000$sbbbiv0BfBKm$trcD/7/R26xhqWVQCITeJXWlUgs07M5sFw92Qn60vsg=", 
        "email": "", 
        "date_joined": "2014-05-10T06:59:32.683Z"
    }
},
{
    "pk": 3, 
    "model": "auth.user", 
    "fields": {
        "username": "qwerty", 
        "first_name": "", 
        "last_name": "", 
        "is_active": true, 
        "is_superuser": false, 
        "is_staff": false, 
        "last_login": "2014-05-10T07:01:26.042Z", 
        "groups": [], 
        "user_permissions": [], 
        "password": "pbkdf2_sha256$12000$xWVVoXp1RcgQ$Yj50m9JFijQVLOqC+b5DGAKEBCRHTJnI1Bhu/uGkj2o=", 
        "email": "", 
        "date_joined": "2014-05-10T07:01:25.718Z"
    }
},
{
    "pk": 1, 
    "model": "admin.logentry", 
    "fields": {
        "action_flag": 1, 
        "action_time": "2014-05-10T05:13:12.311Z", 
        "object_repr": "Consumer Electronics", 
        "object_id": "1", 
        "change_message": "", 
        "user": 1, 
        "content_type": 7
    }
},
{
    "pk": 2, 
    "model": "admin.logentry", 
    "fields": {
        "action_flag": 1, 
        "action_time": "2014-05-10T05:13:19.824Z", 
        "object_repr": "Portable Electronics", 
        "object_id": "2", 
        "change_message": "", 
        "user": 1, 
        "content_type": 7
    }
},
{
    "pk": 3, 
    "model": "admin.logentry", 
    "fields": {
        "action_flag": 1, 
        "action_time": "2014-05-10T05:13:28.327Z", 
        "object_repr": "TV-sets", 
        "object_id": "3", 
        "change_message": "", 
        "user": 1, 
        "content_type": 7
    }
},
{
    "pk": 4, 
    "model": "admin.logentry", 
    "fields": {
        "action_flag": 1, 
        "action_time": "2014-05-10T05:13:39.586Z", 
        "object_repr": "Sony", 
        "object_id": "4", 
        "change_message": "", 
        "user": 1, 
        "content_type": 7
    }
},
{
    "pk": 5, 
    "model": "admin.logentry", 
    "fields": {
        "action_flag": 1, 
        "action_time": "2014-05-10T05:13:53.249Z", 
        "object_repr": "MP3 players", 
        "object_id": "5", 
        "change_message": "", 
        "user": 1, 
        "content_type": 7
    }
},
{
    "pk": 6, 
    "model": "admin.logentry", 
    "fields": {
        "action_flag": 1, 
        "action_time": "2014-05-10T05:14:22.557Z", 
        "object_repr": "GPS navigators", 
        "object_id": "6", 
        "change_message": "", 
        "user": 1, 
        "content_type": 7
    }
},
{
    "pk": 7, 
    "model": "admin.logentry", 
    "fields": {
        "action_flag": 1, 
        "action_time": "2014-05-10T05:14:43.505Z", 
        "object_repr": "Computers", 
        "object_id": "7", 
        "change_message": "", 
        "user": 1, 
        "content_type": 7
    }
},
{
    "pk": 8, 
    "model": "admin.logentry", 
    "fields": {
        "action_flag": 1, 
        "action_time": "2014-05-10T05:16:01.699Z", 
        "object_repr": "Lenovo IdeaCentre Q190", 
        "object_id": "1", 
        "change_message": "", 
        "user": 1, 
        "content_type": 11
    }
},
{
    "pk": 9, 
    "model": "admin.logentry", 
    "fields": {
        "action_flag": 1, 
        "action_time": "2014-05-10T05:17:32.410Z", 
        "object_repr": "Lenovo IdeaCentre Horizon", 
        "object_id": "2", 
        "change_message": "", 
        "user": 1, 
        "content_type": 11
    }
},
{
    "pk": 10, 
    "model": "admin.logentry", 
    "fields": {
        "action_flag": 1, 
        "action_time": "2014-05-10T05:18:29.808Z", 
        "object_repr": "Sravia W600B", 
        "object_id": "3", 
        "change_message": "", 
        "user": 1, 
        "content_type": 11
    }
},
{
    "pk": 11, 
    "model": "admin.logentry", 
    "fields": {
        "action_flag": 1, 
        "action_time": "2014-05-10T05:18:45.122Z", 
        "object_repr": "Bravia X9", 
        "object_id": "4", 
        "change_message": "", 
        "user": 1, 
        "content_type": 11
    }
},
{
    "pk": 12, 
    "model": "admin.logentry", 
    "fields": {
        "action_flag": 2, 
        "action_time": "2014-05-10T05:19:07.110Z", 
        "object_repr": "Bravia W600B", 
        "object_id": "3", 
        "change_message": "Changed name.", 
        "user": 1, 
        "content_type": 11
    }
},
{
    "pk": 13, 
    "model": "admin.logentry", 
    "fields": {
        "action_flag": 1, 
        "action_time": "2014-05-10T16:28:04.360Z", 
        "object_repr": "Sony Walkman", 
        "object_id": "5", 
        "change_message": "", 
        "user": 1, 
        "content_type": 11
    }
},
{
    "pk": 14, 
    "model": "admin.logentry", 
    "fields": {
        "action_flag": 1, 
        "action_time": "2014-05-10T16:28:19.911Z", 
        "object_repr": "Apple iPod", 
        "object_id": "6", 
        "change_message": "", 
        "user": 1, 
        "content_type": 11
    }
},
{
    "pk": 15, 
    "model": "admin.logentry", 
    "fields": {
        "action_flag": 1, 
        "action_time": "2014-05-10T16:28:37.006Z", 
        "object_repr": "Garmin Nafigator", 
        "object_id": "7", 
        "change_message": "", 
        "user": 1, 
        "content_type": 11
    }
},
{
    "pk": 16, 
    "model": "admin.logentry", 
    "fields": {
        "action_flag": 1, 
        "action_time": "2014-05-10T16:28:57.639Z", 
        "object_repr": "TomTom navigator", 
        "object_id": "8", 
        "change_message": "", 
        "user": 1, 
        "content_type": 11
    }
},
{
    "pk": 17, 
    "model": "admin.logentry", 
    "fields": {
        "action_flag": 1, 
        "action_time": "2014-05-10T16:30:24.661Z", 
        "object_repr": "Color (text)", 
        "object_id": "1", 
        "change_message": "", 
        "user": 1, 
        "content_type": 8
    }
},
{
    "pk": 18, 
    "model": "admin.logentry", 
    "fields": {
        "action_flag": 1, 
        "action_time": "2014-05-10T16:30:47.878Z", 
        "object_repr": "Weight (number)", 
        "object_id": "2", 
        "change_message": "", 
        "user": 1, 
        "content_type": 8
    }
},
{
    "pk": 19, 
    "model": "admin.logentry", 
    "fields": {
        "action_flag": 1, 
        "action_time": "2014-05-10T16:31:15.823Z", 
        "object_repr": "Diagonal (number)", 
        "object_id": "3", 
        "change_message": "", 
        "user": 1, 
        "content_type": 8
    }
},
{
    "pk": 20, 
    "model": "admin.logentry", 
    "fields": {
        "action_flag": 1, 
        "action_time": "2014-05-10T16:31:39.378Z", 
        "object_repr": "Processor (text)", 
        "object_id": "4", 
        "change_message": "", 
        "user": 1, 
        "content_type": 8
    }
},
{
    "pk": 21, 
    "model": "admin.logentry", 
    "fields": {
        "action_flag": 1, 
        "action_time": "2014-05-10T16:32:41.704Z", 
        "object_repr": "Region (text)", 
        "object_id": "5", 
        "change_message": "", 
        "user": 1, 
        "content_type": 8
    }
},
{
    "pk": 22, 
    "model": "admin.logentry", 
    "fields": {
        "action_flag": 1, 
        "action_time": "2014-05-10T16:33:16.915Z", 
        "object_repr": "Price (number) required", 
        "object_id": "6", 
        "change_message": "", 
        "user": 1, 
        "content_type": 8
    }
},
{
    "pk": 23, 
    "model": "admin.logentry", 
    "fields": {
        "action_flag": 2, 
        "action_time": "2014-05-10T16:34:05.700Z", 
        "object_repr": "TomTom navigator", 
        "object_id": "8", 
        "change_message": "Changed color, diagonal, price, region and weight.", 
        "user": 1, 
        "content_type": 11
    }
},
{
    "pk": 24, 
    "model": "admin.logentry", 
    "fields": {
        "action_flag": 2, 
        "action_time": "2014-05-10T16:34:32.612Z", 
        "object_repr": "Garmin Nafigator", 
        "object_id": "7", 
        "change_message": "Changed color, diagonal, price, region and weight.", 
        "user": 1, 
        "content_type": 11
    }
},
{
    "pk": 25, 
    "model": "admin.logentry", 
    "fields": {
        "action_flag": 2, 
        "action_time": "2014-05-10T16:34:53.727Z", 
        "object_repr": "Apple iPod", 
        "object_id": "6", 
        "change_message": "Changed color, price, region and weight.", 
        "user": 1, 
        "content_type": 11
    }
},
{
    "pk": 26, 
    "model": "admin.logentry", 
    "fields": {
        "action_flag": 2, 
        "action_time": "2014-05-10T16:35:28.357Z", 
        "object_repr": "Bravia X9", 
        "object_id": "4", 
        "change_message": "Changed color, diagonal, price, region and weight.", 
        "user": 1, 
        "content_type": 11
    }
},
{
    "pk": 27, 
    "model": "admin.logentry", 
    "fields": {
        "action_flag": 2, 
        "action_time": "2014-05-10T16:35:51.170Z", 
        "object_repr": "Bravia W600B", 
        "object_id": "3", 
        "change_message": "Changed color, diagonal, price, region and weight.", 
        "user": 1, 
        "content_type": 11
    }
},
{
    "pk": 28, 
    "model": "admin.logentry", 
    "fields": {
        "action_flag": 2, 
        "action_time": "2014-05-10T16:36:33.885Z", 
        "object_repr": "Lenovo IdeaCentre Horizon", 
        "object_id": "2", 
        "change_message": "Changed color, price, processor, region and weight.", 
        "user": 1, 
        "content_type": 11
    }
},
{
    "pk": 29, 
    "model": "admin.logentry", 
    "fields": {
        "action_flag": 2, 
        "action_time": "2014-05-10T16:37:03.393Z", 
        "object_repr": "Lenovo IdeaCentre Q190", 
        "object_id": "1", 
        "change_message": "Changed color, price, processor, region and weight.", 
        "user": 1, 
        "content_type": 11
    }
}
]
